,user_id,signup_date,referrer,kyc_level,segment
0,user_0000,2024-03-25,referral,level_1,small
1,user_0001,2022-01-12,organic,level_1,large
2,user_0002,2022-11-14,social,level_1,medium
3,user_0003,2023-08-15,organic,level_1,small
4,user_0004,2022-08-04,referral,level_1,small
5,user_0005,2022-12-05,referral,level_1,small
6,user_0006,2024-02-15,social,level_2,small
7,user_0007,2023-10-23,referral,level_1,medium
8,user_0008,2022-03-22,organic,level_1,medium
9,user_0009,2023-12-28,referral,level_1,medium
10,user_0010,2023-04-30,social,level_2,small
11,user_0011,2023-01-09,referral,level_1,large
12,user_0012,2023-12-11,referral,level_1,medium
13,user_0013,2022-07-19,referral,level_1,small
14,user_0014,2023-06-21,social,level_1,small
15,user_0015,2023-04-11,referral,level_1,small
16,user_0016,2022-03-30,referral,level_1,small
17,user_0017,2022-09-25,organic,level_2,small
18,user_0018,2023-10-17,social,level_1,small
19,user_0019,2023-07-25,referral,level_2,small
20,user_0020,2023-05-04,social,level_2,medium
21,user_0021,2024-05-26,referral,level_1,small
22,user_0022,2023-06-22,referral,level_1,small
23,user_0023,2022-02-16,referral,level_1,small
24,user_0024,2022-10-15,organic,level_1,small
25,user_0025,2024-02-17,organic,level_1,medium
26,user_0026,2022-01-16,organic,level_2,small
27,user_0027,2023-12-12,social,level_2,small
28,user_0028,2023-02-05,social,level_1,small
29,user_0029,2024-03-04,organic,level_1,small
30,user_0030,2022-03-27,social,level_2,medium
31,user_0031,2022-09-07,referral,level_2,small
32,user_0032,2023-01-26,referral,level_2,small
33,user_0033,2024-02-21,referral,level_1,large
34,user_0034,2022-12-01,organic,level_1,large
35,user_0035,2023-09-21,social,level_1,medium
36,user_0036,2023-06-03,organic,level_1,small
37,user_0037,2022-05-17,social,level_1,small
38,user_0038,2024-06-01,referral,level_1,medium
39,user_0039,2023-11-19,organic,level_1,small
40,user_0040,2024-04-19,social,level_1,small
41,user_0041,2023-05-13,social,level_1,small
42,user_0042,2024-04-06,referral,level_1,small
43,user_0043,2023-12-28,organic,level_1,large
44,user_0044,2023-04-22,organic,level_1,small
45,user_0045,2023-08-17,organic,level_1,medium
46,user_0046,2022-08-11,referral,level_2,small
47,user_0047,2023-01-07,organic,level_1,small
48,user_0048,2023-02-06,referral,level_1,small
49,user_0049,2023-03-19,referral,level_1,small
50,user_0050,2023-05-05,referral,level_2,large
51,user_0051,2023-09-07,social,level_1,medium
52,user_0052,2022-09-30,organic,level_1,large
53,user_0053,2023-06-10,organic,level_1,medium
54,user_0054,2022-06-08,referral,level_1,small
55,user_0055,2022-06-01,referral,level_1,large
56,user_0056,2023-09-12,organic,level_1,small
57,user_0057,2022-07-07,referral,level_2,small
58,user_0058,2024-03-23,organic,level_1,small
59,user_0059,2022-04-08,social,level_2,small
60,user_0060,2022-05-11,referral,level_2,small
61,user_0061,2024-03-15,organic,level_1,small
62,user_0062,2022-06-20,referral,level_2,medium
63,user_0063,2022-07-02,organic,level_1,small
64,user_0064,2022-12-30,organic,level_1,small
65,user_0065,2022-02-08,referral,level_1,small
66,user_0066,2023-06-11,social,level_1,small
67,user_0067,2023-05-12,organic,level_1,medium
68,user_0068,2023-05-31,organic,level_1,small
69,user_0069,2022-12-15,organic,level_1,large
70,user_0070,2023-02-01,social,level_1,medium
71,user_0071,2023-12-23,social,level_1,small
72,user_0072,2022-06-10,referral,level_1,small
73,user_0073,2022-01-16,social,level_1,medium
74,user_0074,2023-05-08,referral,level_1,medium
75,user_0075,2023-03-02,referral,level_2,medium
76,user_0076,2022-04-18,social,level_1,medium
77,user_0077,2023-03-26,referral,level_2,small
78,user_0078,2022-11-07,social,level_1,small
79,user_0079,2024-01-09,referral,level_1,small
80,user_0080,2022-06-19,social,level_1,medium
81,user_0081,2023-06-30,social,level_1,medium
82,user_0082,2023-02-18,referral,level_1,small
83,user_0083,2022-09-08,organic,level_2,small
84,user_0084,2024-01-29,referral,level_1,small
85,user_0085,2024-02-20,social,level_2,small
86,user_0086,2022-05-21,organic,level_2,medium
87,user_0087,2022-10-01,referral,level_2,medium
88,user_0088,2023-02-20,referral,level_2,medium
89,user_0089,2023-08-31,referral,level_1,small
90,user_0090,2024-01-09,organic,level_1,small
91,user_0091,2022-02-08,social,level_1,medium
92,user_0092,2024-03-24,referral,level_1,medium
93,user_0093,2022-01-29,referral,level_1,small
94,user_0094,2023-04-22,referral,level_2,medium
95,user_0095,2022-11-14,referral,level_1,small
96,user_0096,2022-09-02,referral,level_1,small
97,user_0097,2024-01-18,social,level_1,small
98,user_0098,2023-11-28,social,level_1,small
99,user_0099,2022-09-29,referral,level_1,small
100,user_0100,2023-03-16,organic,level_2,small
101,user_0101,2024-01-18,social,level_1,medium
102,user_0102,2022-08-27,organic,level_1,small
103,user_0103,2023-01-12,social,level_1,small
104,user_0104,2022-09-23,referral,level_1,large
105,user_0105,2022-12-25,social,level_1,small
106,user_0106,2022-12-06,referral,level_1,small
107,user_0107,2023-01-24,social,level_1,medium
108,user_0108,2023-07-31,referral,level_1,small
109,user_0109,2023-11-20,referral,level_1,small
110,user_0110,2022-01-03,referral,level_1,small
111,user_0111,2023-03-05,referral,level_1,small
112,user_0112,2022-05-22,organic,level_1,large
113,user_0113,2023-01-11,referral,level_1,medium
114,user_0114,2023-11-01,organic,level_2,medium
115,user_0115,2022-11-20,organic,level_1,medium
116,user_0116,2022-05-26,referral,level_1,medium
117,user_0117,2022-10-20,organic,level_1,small
118,user_0118,2023-10-27,social,level_1,medium
119,user_0119,2023-03-08,referral,level_1,small
120,user_0120,2023-12-06,organic,level_1,medium
121,user_0121,2023-08-08,referral,level_2,medium
122,user_0122,2023-02-03,referral,level_1,small
123,user_0123,2024-03-27,referral,level_1,small
124,user_0124,2022-12-10,organic,level_1,small
125,user_0125,2022-05-20,social,level_1,small
126,user_0126,2022-07-06,social,level_1,medium
127,user_0127,2024-03-15,organic,level_1,medium
128,user_0128,2022-03-02,referral,level_2,small
129,user_0129,2023-01-15,organic,level_1,small
130,user_0130,2023-12-11,organic,level_1,small
131,user_0131,2024-03-17,organic,level_2,small
132,user_0132,2023-03-16,referral,level_1,small
133,user_0133,2022-11-15,organic,level_2,small
134,user_0134,2022-10-29,referral,level_1,large
135,user_0135,2022-12-10,organic,level_2,small
136,user_0136,2022-01-11,social,level_1,small
137,user_0137,2022-03-03,organic,level_2,medium
138,user_0138,2024-04-24,organic,level_2,small
139,user_0139,2022-08-14,social,level_1,large
140,user_0140,2022-06-02,referral,level_2,large
141,user_0141,2023-12-12,referral,level_1,small
142,user_0142,2023-07-18,organic,level_1,small
143,user_0143,2024-02-11,social,level_1,small
144,user_0144,2023-07-25,referral,level_1,small
145,user_0145,2023-08-07,organic,level_1,small
146,user_0146,2023-10-22,social,level_1,medium
147,user_0147,2024-05-10,referral,level_1,small
148,user_0148,2023-07-29,referral,level_2,small
149,user_0149,2022-11-06,social,level_2,small
150,user_0150,2022-08-31,social,level_1,large
151,user_0151,2023-05-08,social,level_1,small
152,user_0152,2023-01-01,social,level_1,small
153,user_0153,2022-11-26,organic,level_1,small
154,user_0154,2022-04-17,social,level_1,large
155,user_0155,2022-08-14,referral,level_1,small
156,user_0156,2024-04-04,referral,level_1,medium
157,user_0157,2022-08-06,organic,level_2,medium
158,user_0158,2024-01-23,referral,level_1,small
159,user_0159,2023-05-21,referral,level_1,medium
160,user_0160,2022-09-16,social,level_1,small
161,user_0161,2024-02-13,referral,level_1,medium
162,user_0162,2023-06-01,organic,level_1,medium
163,user_0163,2024-02-12,social,level_1,small
164,user_0164,2022-02-23,social,level_1,small
165,user_0165,2022-02-16,organic,level_1,medium
166,user_0166,2023-12-28,social,level_2,small
167,user_0167,2023-11-20,social,level_2,small
168,user_0168,2023-06-05,organic,level_1,small
169,user_0169,2022-04-09,social,level_1,small
170,user_0170,2022-01-20,organic,level_1,medium
171,user_0171,2024-01-23,organic,level_1,small
172,user_0172,2023-07-27,referral,level_1,small
173,user_0173,2023-05-05,referral,level_1,small
174,user_0174,2023-02-23,social,level_1,medium
175,user_0175,2023-11-21,social,level_1,small
176,user_0176,2024-04-29,organic,level_1,medium
177,user_0177,2022-03-03,social,level_2,small
178,user_0178,2022-05-25,organic,level_2,large
179,user_0179,2022-08-04,organic,level_2,small
180,user_0180,2022-01-03,social,level_1,small
181,user_0181,2022-06-09,organic,level_2,small
182,user_0182,2024-01-09,referral,level_1,large
183,user_0183,2024-02-20,social,level_2,medium
184,user_0184,2022-04-30,referral,level_1,small
185,user_0185,2022-03-30,social,level_2,medium
186,user_0186,2022-11-25,organic,level_1,medium
187,user_0187,2023-08-03,social,level_2,small
188,user_0188,2022-12-23,referral,level_2,small
189,user_0189,2023-09-02,organic,level_1,small
190,user_0190,2022-09-24,social,level_1,small
191,user_0191,2023-09-09,social,level_2,medium
192,user_0192,2022-11-19,social,level_1,large
193,user_0193,2023-09-27,referral,level_2,medium
194,user_0194,2023-06-25,referral,level_1,small
195,user_0195,2023-10-11,social,level_1,small
196,user_0196,2022-07-14,organic,level_1,medium
197,user_0197,2024-01-08,organic,level_1,medium
198,user_0198,2022-11-28,referral,level_2,medium
199,user_0199,2022-06-19,organic,level_1,medium
200,user_0200,2023-06-05,referral,level_1,medium
201,user_0201,2023-04-08,social,level_1,small
202,user_0202,2022-02-09,referral,level_1,small
203,user_0203,2023-06-21,referral,level_2,medium
204,user_0204,2022-09-18,social,level_2,medium
205,user_0205,2023-01-30,organic,level_1,small
206,user_0206,2022-08-14,referral,level_2,small
207,user_0207,2022-05-04,referral,level_2,medium
208,user_0208,2022-02-07,social,level_1,small
209,user_0209,2022-11-24,organic,level_2,small
210,user_0210,2022-09-08,referral,level_1,small
211,user_0211,2022-06-25,social,level_1,medium
212,user_0212,2023-08-25,referral,level_2,medium
213,user_0213,2023-03-30,social,level_1,small
214,user_0214,2022-02-06,organic,level_2,medium
215,user_0215,2022-11-12,organic,level_2,small
216,user_0216,2023-11-19,organic,level_1,small
217,user_0217,2024-03-06,organic,level_2,medium
218,user_0218,2023-08-16,referral,level_1,medium
219,user_0219,2022-04-24,referral,level_1,medium
220,user_0220,2022-02-09,organic,level_1,medium
221,user_0221,2022-10-28,organic,level_2,small
222,user_0222,2022-08-12,organic,level_1,small
223,user_0223,2022-11-14,referral,level_1,small
224,user_0224,2022-12-15,organic,level_1,small
225,user_0225,2022-04-25,organic,level_2,small
226,user_0226,2023-11-29,organic,level_1,large
227,user_0227,2022-11-19,social,level_1,small
228,user_0228,2023-07-22,organic,level_1,medium
229,user_0229,2022-02-09,social,level_1,medium
230,user_0230,2024-05-15,social,level_2,medium
231,user_0231,2022-02-09,organic,level_1,small
232,user_0232,2024-05-08,social,level_1,small
233,user_0233,2024-01-19,organic,level_2,small
234,user_0234,2022-10-16,referral,level_1,small
235,user_0235,2022-09-19,referral,level_2,medium
236,user_0236,2022-08-04,referral,level_1,small
237,user_0237,2022-05-27,referral,level_2,small
238,user_0238,2022-12-02,social,level_1,medium
239,user_0239,2022-06-17,organic,level_1,small
240,user_0240,2022-04-02,organic,level_2,large
241,user_0241,2022-12-19,organic,level_2,large
242,user_0242,2023-07-25,referral,level_2,large
243,user_0243,2023-07-25,referral,level_1,small
244,user_0244,2024-03-26,organic,level_2,small
245,user_0245,2023-11-12,referral,level_2,large
246,user_0246,2024-02-20,organic,level_1,small
247,user_0247,2022-12-29,organic,level_2,large
248,user_0248,2023-07-11,organic,level_2,large
249,user_0249,2022-12-11,organic,level_1,medium
250,user_0250,2023-11-24,organic,level_1,small
251,user_0251,2022-06-19,organic,level_1,small
252,user_0252,2022-12-22,organic,level_1,medium
253,user_0253,2022-07-10,referral,level_1,small
254,user_0254,2023-10-29,organic,level_1,small
255,user_0255,2023-02-26,organic,level_1,small
256,user_0256,2023-12-01,referral,level_1,large
257,user_0257,2022-01-07,referral,level_1,medium
258,user_0258,2022-05-13,referral,level_2,small
259,user_0259,2024-01-17,organic,level_2,small
260,user_0260,2023-07-11,social,level_1,medium
261,user_0261,2024-04-05,social,level_2,large
262,user_0262,2024-01-31,referral,level_1,small
263,user_0263,2022-01-31,social,level_1,small
264,user_0264,2023-06-19,referral,level_1,medium
265,user_0265,2023-03-02,organic,level_1,medium
266,user_0266,2023-01-29,social,level_2,medium
267,user_0267,2023-11-03,organic,level_2,medium
268,user_0268,2022-12-29,social,level_1,small
269,user_0269,2023-03-13,organic,level_1,small
270,user_0270,2023-11-01,social,level_1,medium
271,user_0271,2023-07-05,organic,level_1,medium
272,user_0272,2022-03-23,organic,level_1,medium
273,user_0273,2022-12-22,social,level_1,large
274,user_0274,2022-09-15,organic,level_2,small
275,user_0275,2023-12-19,organic,level_2,small
276,user_0276,2023-08-12,organic,level_1,medium
277,user_0277,2023-06-08,social,level_2,medium
278,user_0278,2022-10-22,social,level_1,medium
279,user_0279,2022-08-12,organic,level_1,medium
280,user_0280,2023-06-09,organic,level_1,medium
281,user_0281,2022-02-15,social,level_1,small
282,user_0282,2023-10-29,social,level_2,small
283,user_0283,2022-04-23,organic,level_1,small
284,user_0284,2022-08-21,organic,level_1,small
285,user_0285,2022-01-17,organic,level_1,small
286,user_0286,2022-12-26,referral,level_1,small
287,user_0287,2022-08-11,social,level_2,small
288,user_0288,2024-05-15,referral,level_1,small
289,user_0289,2023-12-01,social,level_1,small
290,user_0290,2023-03-24,social,level_1,small
291,user_0291,2024-05-05,social,level_1,small
292,user_0292,2022-12-31,social,level_1,medium
293,user_0293,2023-11-06,social,level_1,small
294,user_0294,2022-11-22,social,level_1,small
295,user_0295,2023-04-12,social,level_2,small
296,user_0296,2023-02-18,referral,level_2,medium
297,user_0297,2023-03-31,organic,level_2,small
298,user_0298,2023-08-09,organic,level_1,medium
299,user_0299,2022-08-21,referral,level_1,small
300,user_0300,2022-08-12,referral,level_1,small
301,user_0301,2024-04-10,referral,level_2,small
302,user_0302,2023-02-16,referral,level_1,small
303,user_0303,2023-07-26,social,level_1,medium
304,user_0304,2022-12-01,organic,level_1,medium
305,user_0305,2022-08-10,social,level_1,large
306,user_0306,2022-02-06,organic,level_1,small
307,user_0307,2022-10-05,organic,level_1,small
308,user_0308,2022-07-15,referral,level_2,medium
309,user_0309,2024-05-13,social,level_1,small
310,user_0310,2023-04-29,referral,level_1,small
311,user_0311,2022-08-30,social,level_1,small
312,user_0312,2022-11-20,organic,level_1,small
313,user_0313,2024-01-01,referral,level_1,large
314,user_0314,2022-07-11,referral,level_2,medium
315,user_0315,2022-01-17,organic,level_1,medium
316,user_0316,2023-06-08,organic,level_2,small
317,user_0317,2023-02-05,organic,level_1,small
318,user_0318,2023-12-06,referral,level_1,small
319,user_0319,2022-01-22,social,level_2,small
320,user_0320,2023-04-19,referral,level_1,small
321,user_0321,2022-04-30,social,level_1,medium
322,user_0322,2022-07-29,referral,level_1,medium
323,user_0323,2022-11-02,referral,level_1,small
324,user_0324,2022-09-27,organic,level_2,large
325,user_0325,2023-12-05,social,level_1,medium
326,user_0326,2023-11-18,referral,level_2,small
327,user_0327,2022-10-12,referral,level_2,medium
328,user_0328,2023-12-17,organic,level_1,small
329,user_0329,2023-11-07,organic,level_2,small
330,user_0330,2024-02-02,social,level_1,small
331,user_0331,2022-08-15,referral,level_2,medium
332,user_0332,2023-01-16,social,level_1,small
333,user_0333,2023-04-05,referral,level_1,small
334,user_0334,2022-01-07,social,level_1,small
335,user_0335,2022-01-29,organic,level_1,small
336,user_0336,2022-02-02,referral,level_1,medium
337,user_0337,2023-10-08,social,level_2,medium
338,user_0338,2024-05-28,organic,level_1,small
339,user_0339,2022-03-20,organic,level_1,small
340,user_0340,2023-04-04,social,level_2,small
341,user_0341,2023-07-24,referral,level_1,small
342,user_0342,2023-06-22,referral,level_2,small
343,user_0343,2023-04-27,organic,level_2,small
344,user_0344,2023-03-06,referral,level_2,small
345,user_0345,2024-01-08,referral,level_2,medium
346,user_0346,2022-10-12,referral,level_1,medium
347,user_0347,2023-05-31,organic,level_1,small
348,user_0348,2022-04-09,social,level_2,small
349,user_0349,2023-02-01,referral,level_1,medium
350,user_0350,2023-05-04,organic,level_1,small
351,user_0351,2022-02-08,organic,level_1,medium
352,user_0352,2022-09-28,social,level_2,medium
353,user_0353,2024-03-07,referral,level_1,small
354,user_0354,2022-06-06,referral,level_1,small
355,user_0355,2022-03-16,social,level_1,medium
356,user_0356,2024-03-10,social,level_1,small
357,user_0357,2022-05-10,organic,level_1,small
358,user_0358,2023-11-18,organic,level_1,large
359,user_0359,2022-03-25,social,level_1,small
360,user_0360,2022-01-22,referral,level_2,small
361,user_0361,2023-04-04,organic,level_1,medium
362,user_0362,2023-06-23,organic,level_2,small
363,user_0363,2023-12-08,referral,level_2,small
364,user_0364,2024-04-28,organic,level_1,large
365,user_0365,2023-01-17,referral,level_1,small
366,user_0366,2024-01-18,referral,level_1,large
367,user_0367,2023-03-16,referral,level_2,large
368,user_0368,2023-08-27,social,level_1,small
369,user_0369,2022-01-21,social,level_1,small
370,user_0370,2022-10-30,social,level_1,small
371,user_0371,2024-05-18,referral,level_1,small
372,user_0372,2022-03-25,referral,level_1,small
373,user_0373,2024-02-13,social,level_1,medium
374,user_0374,2023-10-21,organic,level_2,small
375,user_0375,2023-03-29,referral,level_1,small
376,user_0376,2023-01-22,organic,level_1,medium
377,user_0377,2023-05-22,organic,level_1,small
378,user_0378,2022-09-14,referral,level_2,medium
379,user_0379,2023-07-24,referral,level_1,small
380,user_0380,2023-06-11,organic,level_2,small
381,user_0381,2022-06-11,organic,level_1,medium
382,user_0382,2022-06-12,social,level_1,medium
383,user_0383,2024-04-11,social,level_1,medium
384,user_0384,2024-03-03,referral,level_1,medium
385,user_0385,2024-03-02,social,level_1,medium
386,user_0386,2023-06-08,social,level_1,small
387,user_0387,2024-02-25,social,level_2,small
388,user_0388,2022-09-28,social,level_1,medium
389,user_0389,2023-05-07,organic,level_1,medium
390,user_0390,2022-07-27,referral,level_1,large
391,user_0391,2023-06-23,social,level_1,small
392,user_0392,2023-08-07,organic,level_1,small
393,user_0393,2022-03-01,organic,level_1,medium
394,user_0394,2023-03-06,organic,level_1,small
395,user_0395,2023-10-19,social,level_1,large
396,user_0396,2023-08-28,social,level_1,medium
397,user_0397,2022-11-05,referral,level_1,small
398,user_0398,2023-06-04,social,level_1,medium
399,user_0399,2023-08-14,social,level_1,medium
400,user_0400,2022-01-27,organic,level_2,small
401,user_0401,2023-11-17,referral,level_1,large
402,user_0402,2023-07-16,social,level_1,small
403,user_0403,2022-07-18,social,level_1,medium
404,user_0404,2023-01-22,organic,level_2,small
405,user_0405,2022-12-15,organic,level_2,medium
406,user_0406,2023-11-24,social,level_1,small
407,user_0407,2023-06-20,referral,level_2,small
408,user_0408,2024-04-07,referral,level_1,large
409,user_0409,2023-01-13,organic,level_1,small
410,user_0410,2023-07-12,organic,level_2,small
411,user_0411,2023-06-11,social,level_2,large
412,user_0412,2022-06-02,organic,level_1,large
413,user_0413,2024-01-04,social,level_1,small
414,user_0414,2022-07-25,referral,level_1,medium
415,user_0415,2023-03-31,referral,level_1,small
416,user_0416,2022-09-30,social,level_2,small
417,user_0417,2022-08-24,organic,level_1,small
418,user_0418,2024-05-01,referral,level_1,medium
419,user_0419,2024-01-10,organic,level_1,medium
420,user_0420,2023-06-05,referral,level_1,medium
421,user_0421,2023-11-09,social,level_1,medium
422,user_0422,2024-04-10,social,level_1,small
423,user_0423,2023-12-27,social,level_2,small
424,user_0424,2023-05-16,referral,level_2,small
425,user_0425,2022-04-27,organic,level_1,small
426,user_0426,2023-01-21,organic,level_2,small
427,user_0427,2022-12-10,organic,level_2,medium
428,user_0428,2023-08-07,referral,level_2,small
429,user_0429,2023-01-30,referral,level_1,small
430,user_0430,2022-03-05,referral,level_1,small
431,user_0431,2023-12-18,referral,level_1,medium
432,user_0432,2023-12-22,referral,level_1,medium
433,user_0433,2022-03-13,organic,level_1,small
434,user_0434,2024-02-28,referral,level_1,small
435,user_0435,2022-10-01,referral,level_1,medium
436,user_0436,2022-11-16,organic,level_2,small
437,user_0437,2022-12-04,referral,level_1,medium
438,user_0438,2023-01-01,organic,level_1,medium
439,user_0439,2023-05-10,organic,level_2,small
440,user_0440,2023-08-30,social,level_2,small
441,user_0441,2022-06-15,social,level_2,large
442,user_0442,2023-06-28,social,level_2,small
443,user_0443,2022-01-11,social,level_1,small
444,user_0444,2022-10-28,referral,level_2,medium
445,user_0445,2023-12-30,social,level_1,large
446,user_0446,2024-03-11,organic,level_1,large
447,user_0447,2022-04-12,referral,level_1,medium
448,user_0448,2023-03-01,social,level_1,small
449,user_0449,2023-01-27,organic,level_1,small
450,user_0450,2024-02-18,referral,level_1,medium
451,user_0451,2022-08-02,referral,level_2,small
452,user_0452,2023-11-22,social,level_1,small
453,user_0453,2022-03-29,referral,level_1,large
454,user_0454,2023-07-07,organic,level_2,small
455,user_0455,2023-02-05,referral,level_1,small
456,user_0456,2023-08-11,organic,level_1,small
457,user_0457,2022-02-15,referral,level_1,small
458,user_0458,2023-11-03,social,level_1,small
459,user_0459,2023-04-08,organic,level_1,small
460,user_0460,2023-08-15,referral,level_2,small
461,user_0461,2022-11-06,referral,level_1,medium
462,user_0462,2022-03-27,referral,level_1,medium
463,user_0463,2022-04-02,organic,level_2,small
464,user_0464,2023-10-22,organic,level_2,large
465,user_0465,2023-11-04,organic,level_1,small
466,user_0466,2023-12-15,social,level_1,small
467,user_0467,2022-08-30,social,level_1,medium
468,user_0468,2024-05-14,organic,level_1,small
469,user_0469,2022-01-02,referral,level_1,large
470,user_0470,2022-08-13,social,level_1,small
471,user_0471,2024-03-11,organic,level_2,large
472,user_0472,2024-01-15,referral,level_1,small
473,user_0473,2023-08-12,social,level_1,medium
474,user_0474,2022-04-26,referral,level_1,small
475,user_0475,2023-10-28,referral,level_1,large
476,user_0476,2022-04-13,referral,level_1,small
477,user_0477,2022-07-13,referral,level_1,small
478,user_0478,2022-06-15,social,level_2,large
479,user_0479,2024-05-20,social,level_1,small
480,user_0480,2022-03-31,social,level_1,medium
481,user_0481,2023-11-17,organic,level_1,medium
482,user_0482,2022-05-02,social,level_1,small
483,user_0483,2022-05-23,referral,level_1,medium
484,user_0484,2022-04-16,social,level_1,small
485,user_0485,2023-03-04,referral,level_1,large
486,user_0486,2022-11-01,organic,level_1,small
487,user_0487,2024-05-21,referral,level_2,small
488,user_0488,2022-11-13,referral,level_2,large
489,user_0489,2023-09-27,referral,level_2,medium
490,user_0490,2022-01-09,organic,level_2,small
491,user_0491,2024-02-13,social,level_1,medium
492,user_0492,2022-03-14,social,level_2,small
493,user_0493,2022-12-25,organic,level_1,small
494,user_0494,2022-08-11,referral,level_2,small
495,user_0495,2023-02-20,social,level_2,small
496,user_0496,2023-07-07,organic,level_2,small
497,user_0497,2023-01-05,social,level_2,small
498,user_0498,2023-12-17,organic,level_1,large
499,user_0499,2022-09-21,referral,level_1,large
500,user_0500,2024-04-19,social,level_1,medium
501,user_0501,2023-11-21,organic,level_1,small
502,user_0502,2024-05-09,social,level_1,small
503,user_0503,2022-11-14,social,level_1,medium
504,user_0504,2022-03-25,social,level_2,medium
505,user_0505,2022-11-14,social,level_1,small
506,user_0506,2022-04-21,organic,level_2,large
507,user_0507,2022-09-08,referral,level_2,medium
508,user_0508,2023-01-18,organic,level_2,large
509,user_0509,2022-01-07,organic,level_2,medium
510,user_0510,2023-04-04,organic,level_1,medium
511,user_0511,2022-03-25,referral,level_2,small
512,user_0512,2022-07-27,social,level_2,large
513,user_0513,2023-01-25,social,level_1,medium
514,user_0514,2022-11-10,social,level_1,small
515,user_0515,2022-01-22,referral,level_2,small
516,user_0516,2023-02-14,social,level_1,small
517,user_0517,2023-05-30,referral,level_1,medium
518,user_0518,2022-05-07,social,level_1,large
519,user_0519,2024-03-19,social,level_1,small
520,user_0520,2023-12-01,organic,level_1,small
521,user_0521,2024-05-23,referral,level_2,small
522,user_0522,2022-01-14,organic,level_1,large
523,user_0523,2022-01-12,organic,level_1,medium
524,user_0524,2022-03-28,organic,level_1,medium
525,user_0525,2023-06-08,referral,level_1,small
526,user_0526,2023-06-21,referral,level_2,small
527,user_0527,2022-10-28,social,level_1,small
528,user_0528,2022-08-31,organic,level_1,small
529,user_0529,2022-05-02,social,level_1,medium
530,user_0530,2022-05-27,organic,level_1,medium
531,user_0531,2023-07-21,referral,level_2,large
532,user_0532,2024-01-20,referral,level_2,large
533,user_0533,2022-12-22,referral,level_1,small
534,user_0534,2023-11-16,organic,level_1,medium
535,user_0535,2024-01-03,referral,level_1,large
536,user_0536,2023-09-23,organic,level_1,medium
537,user_0537,2022-11-05,social,level_1,small
538,user_0538,2023-11-26,organic,level_1,small
539,user_0539,2022-10-15,social,level_1,small
540,user_0540,2022-11-03,organic,level_1,large
541,user_0541,2024-03-22,social,level_2,medium
542,user_0542,2023-08-17,referral,level_2,small
543,user_0543,2023-12-24,social,level_1,medium
544,user_0544,2023-10-24,referral,level_2,medium
545,user_0545,2023-07-03,referral,level_1,small
546,user_0546,2022-12-18,social,level_1,small
547,user_0547,2022-11-08,organic,level_2,medium
548,user_0548,2024-05-22,organic,level_2,small
549,user_0549,2022-02-28,organic,level_2,medium
550,user_0550,2023-10-05,organic,level_1,small
551,user_0551,2023-12-15,organic,level_1,medium
552,user_0552,2024-01-25,referral,level_2,small
553,user_0553,2022-02-04,organic,level_1,small
554,user_0554,2023-03-21,referral,level_1,medium
555,user_0555,2022-04-03,referral,level_1,small
556,user_0556,2022-07-26,referral,level_1,small
557,user_0557,2022-12-19,social,level_1,small
558,user_0558,2022-11-28,social,level_1,medium
559,user_0559,2024-03-27,referral,level_2,medium
560,user_0560,2024-05-11,social,level_1,medium
561,user_0561,2023-12-26,organic,level_1,small
562,user_0562,2022-06-08,organic,level_1,small
563,user_0563,2022-01-24,referral,level_1,small
564,user_0564,2023-02-08,organic,level_1,small
565,user_0565,2024-03-15,referral,level_1,small
566,user_0566,2023-05-31,referral,level_2,small
567,user_0567,2024-01-02,organic,level_1,small
568,user_0568,2022-12-30,social,level_2,large
569,user_0569,2023-01-17,organic,level_1,small
570,user_0570,2023-06-16,organic,level_1,small
571,user_0571,2022-06-01,referral,level_1,medium
572,user_0572,2023-07-16,referral,level_1,small
573,user_0573,2023-11-20,referral,level_2,medium
574,user_0574,2023-08-31,referral,level_1,medium
575,user_0575,2023-09-09,social,level_1,large
576,user_0576,2023-02-24,social,level_2,small
577,user_0577,2022-09-07,social,level_2,large
578,user_0578,2022-04-27,referral,level_2,small
579,user_0579,2024-05-15,referral,level_1,small
580,user_0580,2023-05-27,referral,level_2,small
581,user_0581,2024-01-10,social,level_1,large
582,user_0582,2023-08-01,referral,level_1,small
583,user_0583,2022-12-01,organic,level_1,small
584,user_0584,2023-02-22,organic,level_1,medium
585,user_0585,2024-02-13,referral,level_1,small
586,user_0586,2022-10-22,organic,level_1,small
587,user_0587,2024-01-25,organic,level_2,small
588,user_0588,2023-01-06,social,level_1,small
589,user_0589,2022-07-05,referral,level_1,small
590,user_0590,2022-09-03,referral,level_1,small
591,user_0591,2023-09-29,social,level_2,medium
592,user_0592,2022-09-25,organic,level_1,small
593,user_0593,2023-10-05,organic,level_1,small
594,user_0594,2022-08-25,referral,level_2,medium
595,user_0595,2023-06-14,organic,level_2,small
596,user_0596,2023-07-06,social,level_1,medium
597,user_0597,2022-01-21,social,level_1,small
598,user_0598,2024-01-07,referral,level_2,small
599,user_0599,2024-05-16,social,level_1,small
600,user_0600,2024-03-04,social,level_1,small
601,user_0601,2023-06-04,referral,level_2,small
602,user_0602,2022-04-10,social,level_1,small
603,user_0603,2024-01-22,social,level_1,small
604,user_0604,2023-04-23,social,level_1,small
605,user_0605,2023-08-22,organic,level_1,small
606,user_0606,2022-10-25,referral,level_1,small
607,user_0607,2023-06-10,referral,level_2,small
608,user_0608,2022-11-30,referral,level_1,small
609,user_0609,2022-01-02,organic,level_1,medium
610,user_0610,2023-01-10,organic,level_1,small
611,user_0611,2022-10-20,referral,level_1,medium
612,user_0612,2024-04-16,organic,level_2,medium
613,user_0613,2023-07-07,referral,level_1,small
614,user_0614,2022-11-14,organic,level_1,medium
615,user_0615,2023-05-17,social,level_1,large
616,user_0616,2024-04-07,social,level_1,small
617,user_0617,2023-01-16,referral,level_1,small
618,user_0618,2023-09-15,organic,level_2,medium
619,user_0619,2022-01-14,organic,level_2,medium
620,user_0620,2023-05-19,social,level_1,small
621,user_0621,2022-08-19,social,level_1,small
622,user_0622,2022-03-25,organic,level_2,small
623,user_0623,2022-05-10,organic,level_2,small
624,user_0624,2024-01-13,organic,level_1,medium
625,user_0625,2024-04-17,organic,level_1,small
626,user_0626,2022-05-25,organic,level_1,small
627,user_0627,2024-05-06,organic,level_2,medium
628,user_0628,2022-01-28,referral,level_2,small
629,user_0629,2022-03-07,organic,level_1,small
630,user_0630,2022-06-12,social,level_1,medium
631,user_0631,2022-08-17,referral,level_2,medium
632,user_0632,2022-09-18,organic,level_2,small
633,user_0633,2023-03-25,social,level_2,small
634,user_0634,2023-02-28,referral,level_2,small
635,user_0635,2023-04-05,social,level_1,small
636,user_0636,2023-11-07,organic,level_1,small
637,user_0637,2022-10-28,organic,level_1,small
638,user_0638,2022-10-30,organic,level_1,small
639,user_0639,2022-10-14,organic,level_1,small
640,user_0640,2023-01-30,referral,level_2,small
641,user_0641,2022-01-10,referral,level_1,small
642,user_0642,2023-12-08,social,level_2,small
643,user_0643,2023-09-22,organic,level_1,small
644,user_0644,2022-09-27,social,level_2,small
645,user_0645,2023-08-15,referral,level_1,medium
646,user_0646,2023-08-28,organic,level_1,small
647,user_0647,2024-02-17,organic,level_1,medium
648,user_0648,2024-04-23,referral,level_1,medium
649,user_0649,2024-05-11,referral,level_2,small
650,user_0650,2022-12-27,referral,level_2,small
651,user_0651,2022-09-14,referral,level_1,small
652,user_0652,2022-05-13,referral,level_1,small
653,user_0653,2022-10-03,organic,level_1,medium
654,user_0654,2024-02-15,referral,level_1,small
655,user_0655,2023-11-14,organic,level_2,small
656,user_0656,2023-05-28,organic,level_2,small
657,user_0657,2022-11-09,referral,level_1,small
658,user_0658,2023-07-30,referral,level_2,medium
659,user_0659,2022-10-11,organic,level_1,small
660,user_0660,2022-05-01,referral,level_2,small
661,user_0661,2022-04-17,referral,level_1,large
662,user_0662,2023-11-18,referral,level_2,medium
663,user_0663,2022-07-23,social,level_2,small
664,user_0664,2022-06-14,organic,level_1,small
665,user_0665,2022-11-01,social,level_2,small
666,user_0666,2023-05-12,referral,level_1,small
667,user_0667,2023-09-24,social,level_1,small
668,user_0668,2023-07-10,referral,level_1,small
669,user_0669,2024-04-03,social,level_2,small
670,user_0670,2022-06-05,referral,level_2,small
671,user_0671,2023-01-02,social,level_2,medium
672,user_0672,2023-12-20,social,level_2,small
673,user_0673,2023-09-12,social,level_1,small
674,user_0674,2022-09-08,organic,level_2,small
675,user_0675,2024-05-31,social,level_1,large
676,user_0676,2022-11-30,organic,level_1,small
677,user_0677,2023-10-04,referral,level_1,small
678,user_0678,2023-05-26,social,level_2,large
679,user_0679,2022-10-20,referral,level_2,medium
680,user_0680,2022-01-20,referral,level_1,medium
681,user_0681,2022-10-09,social,level_1,small
682,user_0682,2024-03-07,organic,level_2,small
683,user_0683,2022-01-01,social,level_1,medium
684,user_0684,2022-04-29,referral,level_2,large
685,user_0685,2022-02-04,referral,level_2,small
686,user_0686,2022-07-17,social,level_1,small
687,user_0687,2023-04-30,organic,level_1,small
688,user_0688,2024-01-27,organic,level_2,medium
689,user_0689,2022-02-28,referral,level_2,small
690,user_0690,2024-04-16,referral,level_1,small
691,user_0691,2022-06-10,organic,level_2,small
692,user_0692,2023-11-22,social,level_1,small
693,user_0693,2022-07-25,referral,level_1,small
694,user_0694,2022-01-12,organic,level_2,small
695,user_0695,2023-05-05,referral,level_2,medium
696,user_0696,2022-10-03,social,level_1,small
697,user_0697,2023-11-24,organic,level_2,small
698,user_0698,2022-08-30,referral,level_1,small
699,user_0699,2022-08-04,social,level_1,small
700,user_0700,2022-09-08,referral,level_1,small
701,user_0701,2024-03-21,social,level_2,small
702,user_0702,2022-05-06,social,level_1,small
703,user_0703,2022-08-05,organic,level_1,small
704,user_0704,2022-11-02,social,level_1,small
705,user_0705,2024-03-07,referral,level_2,large
706,user_0706,2022-07-04,social,level_1,small
707,user_0707,2022-02-08,social,level_2,medium
708,user_0708,2022-08-11,organic,level_1,small
709,user_0709,2022-07-03,social,level_1,medium
710,user_0710,2023-05-10,social,level_1,medium
711,user_0711,2023-03-03,referral,level_2,small
712,user_0712,2022-06-27,organic,level_2,small
713,user_0713,2023-03-04,organic,level_1,small
714,user_0714,2022-10-21,organic,level_1,small
715,user_0715,2024-05-01,social,level_1,large
716,user_0716,2022-05-31,organic,level_1,medium
717,user_0717,2023-01-19,social,level_1,large
718,user_0718,2023-09-30,social,level_1,small
719,user_0719,2024-03-23,referral,level_1,medium
720,user_0720,2022-11-04,referral,level_1,large
721,user_0721,2022-12-02,referral,level_1,small
722,user_0722,2024-01-16,referral,level_2,small
723,user_0723,2023-01-10,referral,level_1,medium
724,user_0724,2022-01-08,social,level_1,small
725,user_0725,2022-12-07,social,level_2,medium
726,user_0726,2022-05-09,organic,level_1,small
727,user_0727,2024-02-15,social,level_1,medium
728,user_0728,2023-10-31,social,level_1,small
729,user_0729,2022-12-18,referral,level_1,small
730,user_0730,2022-12-24,social,level_1,small
731,user_0731,2023-06-01,referral,level_1,medium
732,user_0732,2023-05-10,organic,level_2,medium
733,user_0733,2022-03-27,organic,level_1,small
734,user_0734,2022-06-24,social,level_1,small
735,user_0735,2024-03-12,organic,level_1,medium
736,user_0736,2022-07-12,social,level_1,small
737,user_0737,2022-11-07,organic,level_1,medium
738,user_0738,2022-04-29,referral,level_2,small
739,user_0739,2022-08-06,referral,level_1,small
740,user_0740,2023-03-03,referral,level_1,small
741,user_0741,2023-02-18,referral,level_1,small
742,user_0742,2022-04-24,social,level_1,medium
743,user_0743,2022-05-25,organic,level_2,small
744,user_0744,2023-06-22,social,level_1,small
745,user_0745,2023-10-10,referral,level_1,medium
746,user_0746,2022-10-30,social,level_1,small
747,user_0747,2024-01-14,organic,level_2,small
748,user_0748,2024-05-30,social,level_1,large
749,user_0749,2023-08-11,organic,level_1,medium
750,user_0750,2024-04-19,social,level_2,small
751,user_0751,2022-12-11,organic,level_2,large
752,user_0752,2024-03-24,organic,level_1,medium
753,user_0753,2024-03-11,referral,level_1,small
754,user_0754,2022-01-01,organic,level_1,small
755,user_0755,2022-05-27,referral,level_1,medium
756,user_0756,2022-10-14,referral,level_1,medium
757,user_0757,2023-10-16,referral,level_1,small
758,user_0758,2022-02-22,social,level_1,medium
759,user_0759,2022-10-31,social,level_1,medium
760,user_0760,2022-03-10,social,level_1,small
761,user_0761,2022-12-27,social,level_2,small
762,user_0762,2023-08-25,organic,level_1,small
763,user_0763,2022-08-08,organic,level_1,medium
764,user_0764,2023-12-05,social,level_1,small
765,user_0765,2023-07-29,organic,level_2,small
766,user_0766,2023-08-08,organic,level_1,medium
767,user_0767,2022-06-10,referral,level_1,medium
768,user_0768,2023-11-12,referral,level_1,small
769,user_0769,2022-03-30,referral,level_1,medium
770,user_0770,2023-11-19,referral,level_1,small
771,user_0771,2024-02-20,organic,level_1,medium
772,user_0772,2023-08-08,social,level_1,small
773,user_0773,2024-01-27,organic,level_2,small
774,user_0774,2023-08-12,organic,level_1,medium
775,user_0775,2022-06-08,organic,level_1,small
776,user_0776,2023-05-04,referral,level_2,small
777,user_0777,2022-11-20,referral,level_1,medium
778,user_0778,2023-09-02,referral,level_1,medium
779,user_0779,2023-01-16,social,level_1,medium
780,user_0780,2022-04-12,organic,level_1,medium
781,user_0781,2023-05-09,social,level_2,small
782,user_0782,2023-10-06,referral,level_2,small
783,user_0783,2023-09-06,social,level_1,small
784,user_0784,2022-01-19,organic,level_1,small
785,user_0785,2023-03-30,organic,level_2,large
786,user_0786,2023-04-27,referral,level_2,small
787,user_0787,2023-08-17,referral,level_2,small
788,user_0788,2023-02-01,social,level_1,small
789,user_0789,2022-10-06,referral,level_1,large
790,user_0790,2024-04-30,referral,level_2,small
791,user_0791,2022-12-31,organic,level_1,small
792,user_0792,2022-11-27,referral,level_1,small
793,user_0793,2023-10-03,referral,level_1,medium
794,user_0794,2022-12-10,organic,level_1,small
795,user_0795,2024-04-01,organic,level_1,medium
796,user_0796,2023-03-31,social,level_1,large
797,user_0797,2023-08-24,referral,level_2,small
798,user_0798,2023-12-26,organic,level_1,medium
799,user_0799,2023-10-17,social,level_2,large
800,user_0800,2022-03-06,social,level_1,medium
801,user_0801,2022-03-17,referral,level_1,small
802,user_0802,2023-12-12,referral,level_2,small
803,user_0803,2022-05-23,social,level_1,medium
804,user_0804,2024-04-07,organic,level_1,small
805,user_0805,2023-08-28,social,level_1,medium
806,user_0806,2023-04-18,referral,level_1,large
807,user_0807,2023-02-21,organic,level_2,large
808,user_0808,2022-11-01,organic,level_2,small
809,user_0809,2024-01-06,social,level_1,small
810,user_0810,2023-05-12,referral,level_1,large
811,user_0811,2022-10-18,social,level_1,medium
812,user_0812,2022-04-12,social,level_2,small
813,user_0813,2022-09-24,social,level_1,large
814,user_0814,2024-05-16,organic,level_1,medium
815,user_0815,2023-09-14,organic,level_1,small
816,user_0816,2024-04-21,referral,level_1,small
817,user_0817,2024-02-16,referral,level_1,small
818,user_0818,2022-01-03,social,level_2,small
819,user_0819,2022-03-26,social,level_1,small
820,user_0820,2024-03-04,social,level_1,medium
821,user_0821,2022-11-24,referral,level_2,small
822,user_0822,2024-03-26,organic,level_2,small
823,user_0823,2023-03-26,organic,level_1,small
824,user_0824,2023-03-30,social,level_1,small
825,user_0825,2023-09-21,social,level_1,large
826,user_0826,2022-08-09,social,level_1,small
827,user_0827,2022-06-03,social,level_1,small
828,user_0828,2023-10-27,referral,level_1,medium
829,user_0829,2022-01-12,organic,level_1,small
830,user_0830,2022-05-13,social,level_2,small
831,user_0831,2022-10-31,referral,level_1,small
832,user_0832,2022-10-20,social,level_1,small
833,user_0833,2022-10-27,social,level_1,small
834,user_0834,2024-01-10,organic,level_2,small
835,user_0835,2024-02-22,social,level_2,small
836,user_0836,2022-02-12,organic,level_2,large
837,user_0837,2022-12-09,organic,level_2,small
838,user_0838,2022-11-22,organic,level_2,small
839,user_0839,2024-03-24,referral,level_1,medium
840,user_0840,2023-05-13,referral,level_1,small
841,user_0841,2022-12-30,organic,level_1,medium
842,user_0842,2023-03-03,social,level_2,small
843,user_0843,2022-01-21,organic,level_2,large
844,user_0844,2023-02-11,social,level_1,small
845,user_0845,2023-09-11,organic,level_1,small
846,user_0846,2022-12-02,social,level_1,small
847,user_0847,2024-03-25,referral,level_2,large
848,user_0848,2022-04-27,social,level_1,small
849,user_0849,2022-05-04,organic,level_1,small
850,user_0850,2023-02-03,referral,level_1,small
851,user_0851,2024-03-03,social,level_1,medium
852,user_0852,2024-03-14,social,level_2,small
853,user_0853,2023-12-16,social,level_1,medium
854,user_0854,2022-02-20,social,level_2,small
855,user_0855,2024-02-22,social,level_1,small
856,user_0856,2022-11-20,referral,level_1,small
857,user_0857,2024-02-28,referral,level_1,small
858,user_0858,2022-05-21,referral,level_2,small
859,user_0859,2023-04-15,referral,level_1,small
860,user_0860,2024-02-26,organic,level_1,medium
861,user_0861,2024-03-12,referral,level_1,small
862,user_0862,2022-11-30,social,level_2,small
863,user_0863,2023-01-08,social,level_1,small
864,user_0864,2023-07-18,referral,level_2,small
865,user_0865,2023-05-09,social,level_1,small
866,user_0866,2023-06-23,referral,level_1,small
867,user_0867,2023-10-31,social,level_1,small
868,user_0868,2024-01-21,organic,level_1,medium
869,user_0869,2022-06-05,organic,level_1,large
870,user_0870,2022-10-18,referral,level_1,small
871,user_0871,2023-10-10,referral,level_1,small
872,user_0872,2022-05-24,referral,level_2,medium
873,user_0873,2022-04-16,social,level_1,small
874,user_0874,2023-02-24,referral,level_2,small
875,user_0875,2023-11-01,organic,level_1,small
876,user_0876,2023-10-20,social,level_1,medium
877,user_0877,2022-01-02,referral,level_1,medium
878,user_0878,2023-08-12,social,level_1,small
879,user_0879,2023-10-06,social,level_1,small
880,user_0880,2022-03-31,referral,level_1,small
881,user_0881,2022-12-11,social,level_1,medium
882,user_0882,2022-12-16,organic,level_1,small
883,user_0883,2023-04-04,organic,level_2,small
884,user_0884,2022-09-20,social,level_2,medium
885,user_0885,2022-12-17,referral,level_1,small
886,user_0886,2022-04-18,social,level_1,medium
887,user_0887,2023-08-09,organic,level_1,small
888,user_0888,2022-02-08,social,level_1,small
889,user_0889,2022-06-08,social,level_1,small
890,user_0890,2023-08-06,organic,level_1,medium
891,user_0891,2022-11-08,social,level_1,medium
892,user_0892,2022-08-29,social,level_1,medium
893,user_0893,2023-03-21,referral,level_1,small
894,user_0894,2022-10-25,referral,level_2,medium
895,user_0895,2022-02-05,organic,level_2,small
896,user_0896,2022-03-25,organic,level_1,small
897,user_0897,2023-03-28,organic,level_2,medium
898,user_0898,2024-02-14,referral,level_2,small
899,user_0899,2024-04-01,organic,level_1,small
900,user_0900,2023-01-20,organic,level_1,small
901,user_0901,2022-06-21,organic,level_1,small
902,user_0902,2023-01-11,referral,level_2,small
903,user_0903,2023-11-16,social,level_2,small
904,user_0904,2022-12-28,organic,level_1,small
905,user_0905,2023-07-13,social,level_1,medium
906,user_0906,2022-05-21,organic,level_1,medium
907,user_0907,2022-04-28,social,level_1,small
908,user_0908,2022-10-04,referral,level_1,small
909,user_0909,2023-12-27,referral,level_2,small
910,user_0910,2022-08-08,organic,level_1,small
911,user_0911,2022-01-26,social,level_2,small
912,user_0912,2023-06-05,referral,level_2,medium
913,user_0913,2024-02-22,organic,level_2,small
914,user_0914,2022-01-10,organic,level_1,small
915,user_0915,2023-01-13,referral,level_1,small
916,user_0916,2023-09-25,referral,level_1,small
917,user_0917,2023-09-29,organic,level_1,large
918,user_0918,2023-11-13,social,level_1,medium
919,user_0919,2023-08-07,social,level_1,small
920,user_0920,2022-06-01,social,level_1,medium
921,user_0921,2023-12-21,organic,level_1,small
922,user_0922,2022-02-18,referral,level_1,medium
923,user_0923,2022-06-03,organic,level_1,medium
924,user_0924,2024-05-08,referral,level_2,small
925,user_0925,2022-10-20,social,level_2,small
926,user_0926,2023-08-03,social,level_1,small
927,user_0927,2022-02-19,referral,level_1,small
928,user_0928,2023-10-26,referral,level_1,medium
929,user_0929,2023-06-15,organic,level_1,small
930,user_0930,2023-09-04,social,level_1,small
931,user_0931,2022-03-01,organic,level_2,medium
932,user_0932,2022-06-16,organic,level_1,large
933,user_0933,2022-07-21,organic,level_1,small
934,user_0934,2024-05-06,social,level_1,small
935,user_0935,2022-05-26,organic,level_1,small
936,user_0936,2023-11-07,organic,level_1,small
937,user_0937,2023-03-15,organic,level_1,large
938,user_0938,2022-08-30,organic,level_1,small
939,user_0939,2023-08-04,organic,level_1,small
940,user_0940,2023-11-18,organic,level_1,small
941,user_0941,2023-07-15,social,level_1,small
942,user_0942,2023-04-28,organic,level_1,medium
943,user_0943,2022-04-18,referral,level_2,medium
944,user_0944,2022-08-14,organic,level_1,small
945,user_0945,2023-11-04,organic,level_1,small
946,user_0946,2023-09-23,social,level_1,small
947,user_0947,2023-10-23,social,level_1,large
948,user_0948,2023-10-24,referral,level_1,medium
949,user_0949,2023-03-08,referral,level_1,small
950,user_0950,2024-03-15,social,level_2,medium
951,user_0951,2023-10-17,social,level_1,medium
952,user_0952,2023-02-23,organic,level_1,small
953,user_0953,2023-03-31,social,level_1,large
954,user_0954,2022-06-09,referral,level_2,small
955,user_0955,2023-06-07,organic,level_1,small
956,user_0956,2023-10-12,referral,level_1,small
957,user_0957,2023-08-13,organic,level_1,small
958,user_0958,2022-03-18,social,level_1,small
959,user_0959,2023-05-24,referral,level_1,medium
960,user_0960,2023-03-17,organic,level_1,small
961,user_0961,2022-09-11,organic,level_1,medium
962,user_0962,2024-02-09,social,level_1,small
963,user_0963,2022-11-16,social,level_1,small
964,user_0964,2024-03-13,social,level_1,small
965,user_0965,2022-09-20,referral,level_2,small
966,user_0966,2023-08-20,organic,level_1,medium
967,user_0967,2023-10-20,social,level_1,small
968,user_0968,2024-04-14,referral,level_1,small
969,user_0969,2023-07-08,referral,level_1,small
970,user_0970,2023-01-09,referral,level_2,medium
971,user_0971,2023-09-29,social,level_1,large
972,user_0972,2022-06-16,social,level_1,medium
973,user_0973,2024-01-23,organic,level_1,small
974,user_0974,2023-04-04,organic,level_1,small
975,user_0975,2022-10-07,social,level_1,small
976,user_0976,2023-12-01,referral,level_1,small
977,user_0977,2022-10-29,referral,level_1,small
978,user_0978,2023-06-15,referral,level_2,small
979,user_0979,2023-08-03,organic,level_1,small
980,user_0980,2022-08-06,referral,level_2,small
981,user_0981,2022-04-12,organic,level_2,medium
982,user_0982,2023-07-08,organic,level_2,small
983,user_0983,2022-10-15,referral,level_1,small
984,user_0984,2022-06-16,referral,level_1,medium
985,user_0985,2023-09-13,social,level_2,small
986,user_0986,2022-02-05,social,level_1,medium
987,user_0987,2024-01-14,referral,level_1,small
988,user_0988,2024-01-11,organic,level_2,small
989,user_0989,2022-12-19,organic,level_2,medium
990,user_0990,2023-11-07,organic,level_1,medium
991,user_0991,2022-03-14,organic,level_1,medium
992,user_0992,2023-10-10,organic,level_1,small
993,user_0993,2022-12-19,social,level_2,small
994,user_0994,2022-03-11,referral,level_2,small
995,user_0995,2023-03-01,social,level_1,small
996,user_0996,2023-12-09,organic,level_1,large
997,user_0997,2024-02-20,organic,level_2,small
998,user_0998,2023-07-15,organic,level_1,large
999,user_0999,2024-04-07,organic,level_1,small
